,category,exceptionnum,meterid,similary,smallratio
179,0,1.0,meterId201905291848281980103000002919,1.500267709294757,0.0
262,0,1.0,meterId201905291848281980103000002761,1.0000000180924271,0.5595238095238095
247,0,1.0,meterId201905291848281980103000002762,1.0000000000279758,0.07142857142857142
9,0,0.0,meterId201901271357058110103162466161,1.0,0.0
