,category,exceptionnum,meterid,similary,smallratio
232,1,0.0,meterId201905291848281980103000002824,1.226014110011508,0.0625
234,1,0.0,meterId201905291848281980103000002818,1.0747390903479184,0.0
