,category,exceptionnum,meterid,similary,smallratio
2,5,0.0,meterId201905291848281980103000002839,1.699977922611869,0.0
131,5,0.0,meterId201905291848281980103000002877,1.3980559257933556,0.0
173,5,0.0,meterId201905291848281980103000002850,1.396653018077277,0.0
