,meterid,smallflow
6,meterId201905291848281980103000002761,1.1190476291707627
1,meterId201905291848281980103000002803,0.5714285714285714
0,meterId201905291848281980103000002781,0.5352038826159179
4,meterId201905291848281980103000002788,0.36251367905614573
5,meterId201905291848281980103000002760,0.3284644240208466
2,meterId201905291848281980103000002802,0.2687006343500433
3,meterId201905291848281980103000002736,0.26554163104039624
7,meterId201901141728344420103096709946,0.238868645144223
